{
    "asset_symbol": "HD",
    "cash_balance": 10995.77587702085,
    "coin_balance": 36.90852616895442,
    "initial_cash": 10000.0,
    "initial_portfolio_value": 10000.0,
    "trade_count": 800
}