{
    "asset_symbol": "HD",
    "cash_balance": 10841.051278766929,
    "coin_balance": 44.852748880817344,
    "initial_cash": 10000.0,
    "initial_portfolio_value": 10000.0,
    "trade_count": 1063
}